{"cameraMode":{"drawMode":0,"name":"Shaded","section":"Shading Mode"},"sceneLighting":false,"audioPlay":false,"sceneViewState":{"showFog":false,"showMaterialUpdate":false,"showSkybox":false,"showFlares":false,"showImageEffects":false,"showParticleSystems":false},"in2DMode":false,"pivot":{"x":-0.9950382709503174,"y":0.039348065853118899,"z":0.9911686182022095},"rotation":{"x":0.5388579964637756,"y":0.4534608721733093,"z":-0.43515193462371828,"w":0.5611546635627747},"size":2.8752520084381105,"orthographic":false}